# arxiv_id	level	kind	title
# Seminal papers, chosen because they define the vocabulary of the field.
# Reading a paper is how the terms get learned: attention, embedding,
# gradient, overfitting, baseline, inference. That vocabulary does not come
# from textbooks, it comes from the papers that introduced it.
#
# All free to read on arxiv.org.
#
# Every ID here was confirmed against the arXiv API or the rendered ar5iv
# title, because writing these from memory fails badly: of twenty IDs
# first written from memory, nine were different papers entirely, one was
# on spin-resolved electron waiting times and another was on radiation
# damage in CMOS sensors. arxiv-corpus.py re-checks the title of every
# download and rejects mismatches, so keep the titles here accurate.
#
# Two well known papers are absent because ar5iv does not render them:
# Adam (1412.6980) and Proximal Policy Optimization (1707.06347) both
# return an empty document. They are free on arxiv.org, just not
# extractable, so read those in the browser.

# ------------------------------------------------------------- transformers
1706.03762	C1	paper	Attention Is All You Need
1810.04805	C1	paper	BERT Pre-training of Deep Bidirectional Transformers for Language Understanding
2005.14165	C1	paper	Language Models are Few-Shot Learners
2010.11929	C1	paper	An Image is Worth 16x16 Words Transformers for Image Recognition at Scale
2103.00020	C1	paper	Learning Transferable Visual Models From Natural Language Supervision
# ------------------------------------------------------------ deep learning
1512.03385	C1	paper	Deep Residual Learning for Image Recognition
1102.0183	B2	paper	High-Performance Neural Networks for Visual Object Classification
1409.1556	C1	paper	Very Deep Convolutional Networks for Large-Scale Image Recognition
1502.03167	C1	paper	Batch Normalization Accelerating Deep Network Training by Reducing Internal Covariance Shift
1207.0580	B2	paper	Improving Neural Networks by Preventing Co-adaptation
1506.02640	B2	paper	You Only Look Once Unified Real-Time Object Detection
# ------------------------------------------------------------------- NLP
1310.4546	B2	paper	Distributed Representations of Words and Phrases and their Compositionality
# ---------------------------------------------------------------- graphs
1609.02907	C1	paper	Semi-Supervised Classification with Graph Convolutional Networks
# ------------------------------------------------------------ reinforcement
1602.01783	C1	paper	Asynchronous Methods for Deep Reinforcement Learning
1511.05952	C1	paper	Prioritized Experience Replay
